{
  "d1": 0.6849999999999999,
  "d3": 0.9299999999999999,
  "d5": 0.76
}